{
    "embed.locsvm": 52.758620689655174,
    "pool.locsvm": 52.758620689655174
}